YEAR,MONTH,DATE,DAY,WDL,R,ER,OP
2008,3,29,토,승,11,1,한화
2008,3,30,일,승,9,8,한화
2008,4,1,화,승,8,4,SK
2008,4,2,수,승,6,2,SK
2008,4,3,목,패,0,5,SK
2008,4,4,금,승,6,4,LG
2008,4,5,토,패,3,5,LG
2008,4,6,일,승,7,0,LG
2008,4,8,화,승,9,5,삼성
2008,4,10,목,패,0,2,삼성
2008,4,11,금,승,7,3,KIA
2008,4,12,토,승,8,4,KIA
2008,4,13,일,승,4,3,KIA
2008,4,15,화,패,4,10,두산
2008,4,18,금,승,9,2,넥센
2008,4,19,토,승,5,2,넥센
2008,4,20,일,패,4,12,넥센
2008,4,23,수,패,2,5,SK
2008,4,24,목,패,1,2,SK
2008,4,25,금,승,4,3,삼성
2008,4,26,토,패,3,4,삼성
2008,4,27,일,패,3,17,삼성
2008,4,29,화,승,8,0,LG
2008,4,30,수,패,3,4,LG
2008,5,1,목,승,8,5,LG
2008,5,3,토,패,2,4,KIA
2008,5,5,월,승,6,3,KIA
2008,5,6,화,패,3,4,한화
2008,5,7,수,패,3,6,한화
2008,5,8,목,패,3,5,한화
2008,5,9,금,승,9,2,두산
2008,5,10,토,승,5,3,두산
2008,5,11,일,패,1,4,두산
2008,5,13,화,승,4,1,삼성
2008,5,14,수,패,3,5,삼성
2008,5,15,목,패,3,4,삼성
2008,5,16,금,패,6,7,넥센
2008,5,17,토,승,9,2,넥센
2008,5,18,일,패,1,2,넥센
2008,5,20,화,패,2,3,KIA
2008,5,21,수,승,6,5,KIA
2008,5,22,목,승,6,2,KIA
2008,5,23,금,승,9,3,SK
2008,5,24,토,승,7,3,SK
2008,5,25,일,승,7,5,SK
2008,5,27,화,승,8,7,한화
2008,5,29,목,패,1,4,한화
2008,5,30,금,패,4,8,넥센
2008,5,31,토,승,11,2,넥센
2008,6,1,일,승,8,3,넥센
2008,6,3,화,승,2,1,두산
2008,6,5,목,승,2,1,두산
2008,6,6,금,패,2,5,SK
2008,6,7,토,패,0,2,SK
2008,6,8,일,패,1,3,SK
2008,6,10,화,패,2,5,두산
2008,6,11,수,패,4,5,두산
2008,6,12,목,패,4,9,두산
2008,6,13,금,승,3,2,넥센
2008,6,14,토,승,8,2,넥센
2008,6,15,일,승,6,3,넥센
2008,6,17,화,승,9,4,한화
2008,6,19,목,패,8,9,한화
2008,6,20,금,승,4,1,LG
2008,6,21,토,승,9,3,LG
2008,6,22,일,승,10,0,LG
2008,6,24,화,패,5,9,SK
2008,6,25,수,패,2,3,SK
2008,6,26,목,패,1,3,SK
2008,6,27,금,패,2,6,KIA
2008,6,29,일,승,5,4,KIA
2008,7,1,화,패,3,7,삼성
2008,7,3,목,승,11,3,삼성
2008,7,4,금,승,7,0,LG
2008,7,5,토,패,2,6,LG
2008,7,6,일,승,4,1,LG
2008,7,8,화,패,2,4,넥센
2008,7,9,수,패,4,9,넥센
2008,7,10,목,승,1,0,넥센
2008,7,11,금,패,3,8,두산
2008,7,12,토,패,0,1,두산
2008,7,13,일,패,2,3,두산
2008,7,15,화,패,2,3,KIA
2008,7,16,수,패,1,4,KIA
2008,7,17,목,승,3,2,KIA
2008,7,18,금,패,3,4,LG
2008,7,22,화,패,3,6,SK
2008,7,23,수,패,6,7,SK
2008,7,25,금,승,5,1,한화
2008,7,26,토,패,3,5,한화
2008,7,27,일,승,9,2,한화
2008,7,29,화,승,4,3,두산
2008,7,30,수,승,9,3,두산
2008,7,31,목,승,9,6,두산
2008,8,26,화,승,11,4,한화
2008,8,27,수,승,7,3,한화
2008,8,28,목,승,11,4,한화
2008,8,29,금,승,7,4,삼성
2008,8,30,토,승,5,2,삼성
2008,8,31,일,승,7,5,삼성
2008,9,2,화,승,8,3,LG
2008,9,3,수,패,2,3,LG
2008,9,4,목,승,11,9,LG
2008,9,5,금,승,7,1,KIA
2008,9,6,토,승,10,2,KIA
2008,9,7,일,승,5,2,KIA
2008,9,9,화,승,4,3,넥센
2008,9,10,수,승,3,2,넥센
2008,9,11,목,승,5,4,넥센
2008,9,12,금,패,3,6,삼성
2008,9,13,토,승,6,5,삼성
2008,9,14,일,승,9,1,삼성
2008,9,16,화,승,9,6,한화
2008,9,17,수,패,4,7,한화
2008,9,19,금,패,5,6,두산
2008,9,20,토,패,2,8,두산
2008,9,21,일,패,2,11,두산
2008,9,23,화,패,8,9,KIA
2008,9,24,수,패,5,8,삼성
2008,9,25,목,승,4,1,삼성
2008,9,27,토,승,4,3,한화
2008,9,28,일,승,4,2,KIA
2008,9,30,화,패,2,3,SK
2008,10,1,수,패,1,7,SK
2008,10,3,금,승,9,3,LG
2008,10,4,토,패,0,4,LG
2009,4,4,토,승,3,2,넥센
2009,4,5,일,패,1,10,넥센
2009,4,7,화,패,1,3,LG
2009,4,8,수,승,3,0,LG
2009,4,9,목,패,3,6,LG
2009,4,10,금,패,3,8,한화
2009,4,11,토,패,6,10,한화
2009,4,12,일,승,7,4,한화
2009,4,14,화,패,0,4,KIA
2009,4,15,수,승,1,0,KIA
2009,4,16,목,패,2,3,KIA
2009,4,17,금,승,13,8,넥센
2009,4,18,토,승,5,0,넥센
2009,4,19,일,패,2,6,넥센
2009,4,21,화,패,1,9,SK
2009,4,22,수,패,1,13,SK
2009,4,23,목,패,2,8,SK
2009,4,24,금,패,6,7,LG
2009,4,25,토,패,9,10,LG
2009,4,26,일,승,5,3,LG
2009,4,28,화,패,0,2,KIA
2009,4,29,수,승,7,2,KIA
2009,4,30,목,패,5,11,KIA
2009,5,1,금,패,5,11,두산
2009,5,2,토,패,2,7,두산
2009,5,3,일,승,4,2,두산
2009,5,5,화,패,0,4,SK
2009,5,6,수,패,3,6,SK
2009,5,7,목,승,4,3,SK
2009,5,8,금,패,3,4,KIA
2009,5,9,토,승,5,4,KIA
2009,5,10,일,패,1,2,KIA
2009,5,12,화,승,8,5,삼성
2009,5,13,수,승,6,5,삼성
2009,5,14,목,승,8,6,삼성
2009,5,15,금,승,7,1,한화
2009,5,17,일,패,8,12,한화
2009,5,17,일,패,1,3,한화
2009,5,19,화,패,3,11,두산
2009,5,20,수,승,11,6,두산
2009,5,22,금,패,3,4,삼성
2009,5,23,토,패,5,8,삼성
2009,5,24,일,승,7,4,삼성
2009,5,26,화,승,6,0,LG
2009,5,27,수,승,6,5,LG
2009,5,28,목,패,3,13,LG
2009,5,29,금,패,5,7,넥센
2009,5,30,토,패,8,10,넥센
2009,5,31,일,패,3,7,넥센
2009,6,2,화,패,2,3,SK
2009,6,3,수,패,1,2,SK
2009,6,4,목,승,9,4,SK
2009,6,5,금,패,7,8,두산
2009,6,6,토,승,8,0,두산
2009,6,7,일,승,1,0,두산
2009,6,9,화,승,9,3,한화
2009,6,10,수,승,5,0,한화
2009,6,11,목,승,12,6,한화
2009,6,12,금,승,13,9,넥센
2009,6,13,토,패,0,7,넥센
2009,6,14,일,패,5,15,넥센
2009,6,16,화,패,2,10,삼성
2009,6,17,수,승,1,0,삼성
2009,6,18,목,승,9,6,삼성
2009,6,19,금,승,6,3,KIA
2009,6,20,토,승,7,1,KIA
2009,6,21,일,패,4,7,KIA
2009,6,23,화,승,7,3,두산
2009,6,24,수,패,4,5,두산
2009,6,25,목,승,4,1,두산
2009,6,26,금,승,6,4,한화
2009,6,27,토,승,4,3,한화
2009,6,28,일,승,2,0,한화
2009,6,30,화,패,5,6,LG
2009,7,1,수,승,6,4,LG
2009,7,2,목,승,4,3,LG
2009,7,3,금,패,5,7,SK
2009,7,4,토,승,1,0,SK
2009,7,5,일,승,3,2,SK
2009,7,8,수,패,2,3,삼성
2009,7,9,목,패,0,3,삼성
2009,7,10,금,승,3,0,넥센
2009,7,11,토,승,4,3,넥센
2009,7,14,화,승,8,1,한화
2009,7,15,수,승,7,2,한화
2009,7,16,목,승,7,6,한화
2009,7,18,토,승,5,4,SK
2009,7,19,일,승,16,7,SK
2009,7,21,화,승,14,2,두산
2009,7,22,수,패,3,10,두산
2009,7,23,목,승,6,4,두산
2009,7,28,화,패,2,12,KIA
2009,7,29,수,승,14,3,KIA
2009,7,30,목,패,5,7,KIA
2009,7,31,금,승,7,0,한화
2009,8,1,토,패,3,8,한화
2009,8,2,일,승,5,3,한화
2009,8,4,화,패,4,12,두산
2009,8,5,수,패,3,12,두산
2009,8,6,목,패,2,5,두산
2009,8,7,금,승,7,4,삼성
2009,8,8,토,승,3,1,삼성
2009,8,9,일,패,2,6,삼성
2009,8,11,화,패,0,3,KIA
2009,8,12,수,패,0,2,KIA
2009,8,13,목,승,8,5,KIA
2009,8,14,금,승,14,11,LG
2009,8,15,토,패,2,9,LG
2009,8,16,일,승,5,4,LG
2009,8,18,화,패,4,9,SK
2009,8,19,수,패,1,4,SK
2009,8,20,목,패,8,11,SK
2009,8,21,금,패,7,8,LG
2009,8,22,토,패,6,7,LG
2009,8,23,일,승,6,3,LG
2009,8,25,화,승,7,5,삼성
2009,8,26,수,패,1,10,삼성
2009,8,27,목,패,8,11,삼성
2009,8,28,금,승,12,5,넥센
2009,8,29,토,승,4,3,넥센
2009,8,30,일,패,3,4,넥센
2009,9,1,화,패,3,4,KIA
2009,9,5,토,패,1,2,SK
2009,9,6,일,패,5,7,SK
2009,9,8,화,패,2,4,한화
2009,9,12,토,승,9,1,삼성
2009,9,13,일,승,4,0,삼성
2009,9,17,목,승,5,1,넥센
2009,9,18,금,승,4,3,넥센
2009,9,19,토,승,5,4,두산
2009,9,20,일,승,5,2,두산
2009,9,22,화,패,1,5,넥센
2009,9,25,금,패,2,3,LG
2010,3,27,토,패,2,3,넥센
2010,3,28,일,패,3,11,넥센
2010,3,30,화,패,3,13,한화
2010,4,2,금,패,2,3,KIA
2010,4,3,토,패,2,4,KIA
2010,4,4,일,승,3,2,KIA
2010,4,6,화,승,7,5,LG
2010,4,7,수,승,6,0,LG
2010,4,8,목,패,2,10,LG
2010,4,9,금,패,14,15,한화
2010,4,10,토,패,2,9,한화
2010,4,11,일,승,10,9,한화
2010,4,13,화,승,9,0,넥센
2010,4,14,수,패,5,6,넥센
2010,4,15,목,승,6,0,넥센
2010,4,16,금,패,4,6,두산
2010,4,17,토,패,3,4,두산
2010,4,18,일,승,9,5,두산
2010,4,20,화,패,3,10,KIA
2010,4,21,수,패,6,9,KIA
2010,4,22,목,승,4,1,KIA
2010,4,23,금,패,7,9,SK
2010,4,24,토,패,1,2,SK
2010,4,25,일,패,4,14,SK
2010,4,27,화,승,10,2,넥센
2010,4,28,수,승,6,5,넥센
2010,4,29,목,승,5,2,넥센
2010,4,30,금,패,4,8,KIA
2010,5,1,토,패,7,15,KIA
2010,5,2,일,승,5,4,KIA
2010,5,4,화,승,9,3,삼성
2010,5,5,수,패,2,13,삼성
2010,5,6,목,승,6,2,삼성
2010,5,7,금,승,13,7,두산
2010,5,8,토,승,11,1,두산
2010,5,9,일,패,1,11,두산
2010,5,11,화,패,10,21,SK
2010,5,12,수,패,1,2,SK
2010,5,13,목,패,4,7,SK
2010,5,14,금,승,4,3,LG
2010,5,15,토,승,13,4,LG
2010,5,16,일,패,2,15,LG
2010,5,19,수,승,3,2,KIA
2010,5,20,목,승,9,4,KIA
2010,5,21,금,패,2,3,삼성
2010,5,25,화,승,10,7,두산
2010,5,26,수,승,10,3,두산
2010,5,27,목,패,6,10,두산
2010,5,28,금,승,5,4,SK
2010,5,29,토,패,2,4,SK
2010,5,30,일,패,4,11,SK
2010,6,1,화,패,5,6,LG
2010,6,2,수,패,6,9,LG
2010,6,3,목,승,11,2,LG
2010,6,4,금,승,5,3,삼성
2010,6,5,토,승,10,2,삼성
2010,6,6,일,승,10,1,삼성
2010,6,8,화,무,2,2,넥센
2010,6,9,수,승,13,3,넥센
2010,6,10,목,승,10,5,넥센
2010,6,11,금,승,7,2,한화
2010,6,12,토,승,7,0,한화
2010,6,13,일,패,4,5,한화
2010,6,15,화,패,5,9,삼성
2010,6,16,수,패,7,11,삼성
2010,6,17,목,무,2,2,삼성
2010,6,18,금,패,4,7,LG
2010,6,19,토,패,8,9,LG
2010,6,20,일,승,10,5,LG
2010,6,22,화,승,3,2,한화
2010,6,23,수,승,3,1,한화
2010,6,24,목,승,9,5,한화
2010,6,27,일,패,4,6,SK
2010,6,29,화,패,1,6,삼성
2010,6,30,수,패,3,4,삼성
2010,7,1,목,패,6,7,삼성
2010,7,3,토,승,14,13,LG
2010,7,4,일,승,6,2,LG
2010,7,6,화,승,6,4,넥센
2010,7,7,수,패,2,3,넥센
2010,7,8,목,승,10,4,넥센
2010,7,9,금,승,5,4,SK
2010,7,10,토,패,2,6,SK
2010,7,13,화,승,9,2,넥센
2010,7,14,수,무,2,2,넥센
2010,7,15,목,패,4,9,넥센
2010,7,18,일,패,1,3,두산
2010,7,20,화,패,3,4,한화
2010,7,21,수,패,0,1,한화
2010,7,22,목,승,9,1,한화
2010,7,27,화,패,5,7,KIA
2010,7,29,목,패,5,12,KIA
2010,7,30,금,승,17,9,LG
2010,7,31,토,승,10,8,LG
2010,8,1,일,승,5,3,LG
2010,8,3,화,승,7,1,두산
2010,8,4,수,패,4,13,두산
2010,8,5,목,승,4,1,두산
2010,8,6,금,승,11,3,한화
2010,8,7,토,패,4,12,한화
2010,8,8,일,패,2,4,한화
2010,8,11,수,승,8,2,삼성
2010,8,12,목,패,7,10,삼성
2010,8,13,금,패,2,7,KIA
2010,8,14,토,승,10,2,KIA
2010,8,15,일,패,2,3,KIA
2010,8,17,화,승,5,0,SK
2010,8,18,수,승,9,5,SK
2010,8,19,목,승,6,3,SK
2010,8,20,금,승,8,6,두산
2010,8,21,토,승,14,4,두산
2010,8,22,일,승,8,3,두산
2010,8,24,화,패,5,7,KIA
2010,8,27,금,승,6,5,두산
2010,8,28,토,패,5,10,SK
2010,8,29,일,패,5,8,SK
2010,9,1,수,패,7,8,LG
2010,9,2,목,승,6,1,KIA
2010,9,3,금,승,10,6,KIA
2010,9,4,토,승,2,1,삼성
2010,9,5,일,패,5,12,삼성
2010,9,7,화,패,3,4,넥센
2010,9,8,수,승,4,3,삼성
2010,9,9,목,승,3,0,LG
2010,9,11,토,승,12,10,두산
2010,9,12,일,패,0,5,두산
2010,9,14,화,승,3,1,SK
2010,9,15,수,승,6,5,SK
2010,9,17,금,패,2,7,한화
2010,9,18,토,승,11,1,한화
2010,9,19,일,승,7,1,한화
2010,9,24,금,승,6,1,삼성
2010,9,25,토,승,3,1,넥센
2011,4,2,토,승,6,0,한화
2011,4,3,일,패,1,3,한화
2011,4,5,화,승,10,3,삼성
2011,4,6,수,패,0,1,삼성
2011,4,8,금,패,0,3,넥센
2011,4,9,토,패,6,12,넥센
2011,4,10,일,승,5,1,넥센
2011,4,12,화,무,4,4,두산
2011,4,13,수,패,2,10,두산
2011,4,14,목,패,6,7,두산
2011,4,15,금,패,2,8,LG
2011,4,16,토,패,3,4,LG
2011,4,17,일,승,4,1,LG
2011,4,19,화,무,2,2,한화
2011,4,20,수,패,2,4,한화
2011,4,21,목,패,1,4,한화
2011,4,23,토,승,7,6,SK
2011,4,24,일,패,7,9,SK
2011,4,26,화,승,8,5,LG
2011,4,27,수,패,7,15,LG
2011,4,28,목,패,7,8,LG
2011,4,29,금,승,6,5,KIA
2011,4,30,토,패,1,4,KIA
2011,5,1,일,승,7,2,KIA
2011,5,3,화,승,5,1,삼성
2011,5,4,수,승,6,4,삼성
2011,5,5,목,패,0,7,삼성
2011,5,6,금,승,10,6,두산
2011,5,7,토,승,8,7,두산
2011,5,8,일,패,0,5,두산
2011,5,10,화,승,4,3,넥센
2011,5,12,목,승,4,0,넥센
2011,5,13,금,패,6,8,KIA
2011,5,14,토,승,8,3,KIA
2011,5,15,일,승,5,4,KIA
2011,5,17,화,승,8,2,SK
2011,5,18,수,패,2,4,SK
2011,5,19,목,승,3,2,SK
2011,5,21,토,패,4,5,LG
2011,5,22,일,패,4,7,LG
2011,5,24,화,승,4,3,삼성
2011,5,25,수,무,3,3,삼성
2011,5,27,금,패,3,11,KIA
2011,5,28,토,승,9,0,KIA
2011,5,29,일,패,5,7,KIA
2011,5,31,화,승,8,7,넥센
2011,6,1,수,승,5,2,넥센
2011,6,2,목,패,10,11,넥센
2011,6,3,금,패,5,7,LG
2011,6,4,토,패,4,6,LG
2011,6,5,일,승,11,5,LG
2011,6,7,화,패,1,9,삼성
2011,6,8,수,패,4,12,삼성
2011,6,9,목,승,13,7,삼성
2011,6,10,금,승,7,6,한화
2011,6,11,토,패,3,9,한화
2011,6,12,일,승,17,2,한화
2011,6,14,화,패,5,8,SK
2011,6,15,수,패,1,4,SK
2011,6,16,목,승,7,2,SK
2011,6,17,금,패,1,8,넥센
2011,6,18,토,패,3,7,넥센
2011,6,19,일,승,10,4,넥센
2011,6,21,화,패,3,6,두산
2011,6,23,목,패,5,9,두산
2011,6,28,화,패,2,7,KIA
2011,6,29,수,패,2,7,KIA
2011,6,30,목,승,4,0,KIA
2011,7,1,금,패,4,5,삼성
2011,7,2,토,승,8,4,삼성
2011,7,5,화,승,6,2,두산
2011,7,6,수,승,4,1,두산
2011,7,8,금,패,2,10,SK
2011,7,9,토,패,1,2,SK
2011,7,12,화,승,11,3,한화
2011,7,14,목,승,4,3,한화
2011,7,15,금,승,10,6,LG
2011,7,16,토,승,5,4,LG
2011,7,17,일,패,0,4,LG
2011,7,19,화,승,5,3,두산
2011,7,20,수,승,13,5,두산
2011,7,21,목,패,4,6,두산
2011,7,26,화,패,2,11,SK
2011,7,28,목,승,6,4,SK
2011,7,29,금,승,4,1,두산
2011,7,30,토,승,8,6,두산
2011,7,31,일,승,8,7,두산
2011,8,2,화,승,9,3,한화
2011,8,4,목,승,9,1,한화
2011,8,5,금,패,0,2,삼성
2011,8,6,토,승,11,4,삼성
2011,8,7,일,패,1,3,삼성
2011,8,9,화,패,1,3,넥센
2011,8,10,수,승,4,3,넥센
2011,8,11,목,승,5,3,넥센
2011,8,13,토,패,4,6,LG
2011,8,14,일,승,4,1,LG
2011,8,16,화,승,7,2,KIA
2011,8,17,수,승,9,3,KIA
2011,8,18,목,승,4,1,KIA
2011,8,20,토,패,2,5,SK
2011,8,21,일,승,9,1,SK
2011,8,23,화,승,13,9,KIA
2011,8,24,수,승,12,4,KIA
2011,8,25,목,승,6,0,KIA
2011,8,26,금,승,2,1,넥센
2011,8,27,토,패,2,6,넥센
2011,8,28,일,승,6,3,넥센
2011,8,30,화,패,3,13,삼성
2011,8,31,수,승,8,2,삼성
2011,9,1,목,승,2,1,KIA
2011,9,2,금,승,6,2,LG
2011,9,3,토,승,7,1,LG
2011,9,4,일,패,1,3,LG
2011,9,8,목,무,2,2,SK
2011,9,9,금,패,9,10,SK
2011,9,10,토,승,7,6,넥센
2011,9,11,일,무,2,2,넥센
2011,9,13,화,승,5,0,삼성
2011,9,14,수,패,5,8,삼성
2011,9,15,목,승,12,7,한화
2011,9,16,금,패,10,12,한화
2011,9,17,토,패,2,10,두산
2011,9,18,일,승,6,3,두산
2011,9,20,화,승,5,4,SK
2011,9,21,수,패,2,6,SK
2011,9,22,목,승,12,2,SK
2011,9,24,토,승,6,1,한화
2011,9,25,일,패,3,4,한화
2011,9,30,금,승,6,3,두산
2011,10,4,화,승,20,2,한화
2011,10,5,수,승,6,3,한화
2011,10,6,목,승,5,3,한화
2012,4,7,토,승,4,1,한화
2012,4,8,일,승,10,5,한화
2012,4,11,수,승,8,3,LG
2012,4,12,목,패,0,4,LG
2012,4,13,금,패,1,6,두산
2012,4,14,토,무,3,3,두산
2012,4,15,일,승,5,0,두산
2012,4,17,화,승,3,2,SK
2012,4,18,수,패,2,8,SK
2012,4,19,목,승,6,3,SK
2012,4,20,금,승,11,7,KIA
2012,4,24,화,승,6,2,삼성
2012,4,26,목,패,3,6,삼성
2012,4,27,금,패,8,20,LG
2012,4,28,토,승,5,3,LG
2012,4,29,일,승,5,0,LG
2012,5,1,화,승,11,1,넥센
2012,5,2,수,패,4,6,넥센
2012,5,3,목,승,4,2,넥센
2012,5,4,금,패,3,5,SK
2012,5,5,토,승,3,1,SK
2012,5,6,일,패,3,5,SK
2012,5,8,화,패,1,2,삼성
2012,5,9,수,패,0,3,삼성
2012,5,10,목,무,2,2,삼성
2012,5,11,금,패,9,15,한화
2012,5,12,토,승,6,4,한화
2012,5,13,일,패,1,7,한화
2012,5,15,화,패,2,9,넥센
2012,5,16,수,패,0,8,넥센
2012,5,17,목,패,1,9,넥센
2012,5,18,금,승,5,4,KIA
2012,5,19,토,승,6,1,KIA
2012,5,20,일,승,6,4,KIA
2012,5,22,화,패,1,5,삼성
2012,5,23,수,승,4,3,삼성
2012,5,24,목,패,2,7,삼성
2012,5,25,금,승,8,4,두산
2012,5,26,토,승,6,1,두산
2012,5,27,일,승,7,1,두산
2012,5,29,화,패,3,5,LG
2012,5,30,수,승,3,2,LG
2012,5,31,목,패,1,3,LG
2012,6,1,금,승,7,3,넥센
2012,6,2,토,승,8,0,넥센
2012,6,3,일,패,3,4,넥센
2012,6,5,화,패,2,8,한화
2012,6,6,수,패,2,3,한화
2012,6,7,목,승,9,7,한화
2012,6,9,토,패,3,4,KIA
2012,6,10,일,승,6,3,KIA
2012,6,12,화,승,4,3,두산
2012,6,13,수,패,1,7,두산
2012,6,14,목,패,7,8,두산
2012,6,15,금,무,2,2,넥센
2012,6,16,토,승,5,4,넥센
2012,6,17,일,패,3,4,넥센
2012,6,19,화,승,5,1,SK
2012,6,20,수,패,1,3,SK
2012,6,21,목,승,7,2,SK
2012,6,22,금,승,6,5,LG
2012,6,23,토,승,6,4,LG
2012,6,24,일,승,7,1,LG
2012,6,26,화,승,3,0,한화
2012,6,27,수,승,9,2,한화
2012,6,28,목,승,5,2,한화
2012,6,29,금,패,1,6,두산
2012,6,30,토,패,1,5,두산
2012,7,1,일,패,2,7,두산
2012,7,3,화,승,6,4,SK
2012,7,4,수,승,5,3,SK
2012,7,7,토,승,7,0,삼성
2012,7,8,일,패,2,7,삼성
2012,7,12,목,패,1,5,KIA
2012,7,13,금,무,1,1,한화
2012,7,17,화,패,3,6,넥센
2012,7,18,수,승,5,0,넥센
2012,7,19,목,패,3,5,넥센
2012,7,24,화,패,3,4,한화
2012,7,25,수,패,1,10,한화
2012,7,26,목,승,9,2,한화
2012,7,27,금,패,1,2,두산
2012,7,28,토,패,0,2,두산
2012,7,29,일,승,4,2,두산
2012,7,31,화,승,5,4,KIA
2012,8,1,수,패,4,13,KIA
2012,8,2,목,패,3,4,KIA
2012,8,3,금,승,4,3,삼성
2012,8,4,토,패,1,6,삼성
2012,8,5,일,승,1,0,삼성
2012,8,7,화,패,5,6,LG
2012,8,8,수,승,6,5,LG
2012,8,9,목,승,6,1,LG
2012,8,11,토,승,3,1,KIA
2012,8,12,일,승,4,2,KIA
2012,8,14,화,승,5,2,SK
2012,8,15,수,패,2,3,SK
2012,8,16,목,패,5,6,SK
2012,8,17,금,패,0,2,넥센
2012,8,18,토,승,5,4,넥센
2012,8,19,일,승,4,1,넥센
2012,8,21,화,승,5,3,삼성
2012,8,24,금,패,0,1,두산
2012,8,25,토,승,2,1,두산
2012,8,26,일,승,3,2,두산
2012,8,29,수,승,10,1,SK
2012,8,31,금,무,0,0,LG
2012,9,1,토,패,3,7,LG
2012,9,2,일,승,7,2,LG
2012,9,4,화,승,4,2,KIA
2012,9,6,목,패,0,2,한화
2012,9,7,금,승,5,2,한화
2012,9,8,토,승,3,0,한화
2012,9,10,월,승,7,1,한화
2012,9,11,화,패,0,4,두산
2012,9,12,수,승,3,1,KIA
2012,9,14,금,패,1,10,KIA
2012,9,14,금,무,8,8,KIA
2012,9,15,토,패,2,3,삼성
2012,9,18,화,패,1,3,SK
2012,9,19,수,패,0,7,SK
2012,9,20,목,패,1,3,넥센
2012,9,21,금,패,4,6,LG
2012,9,22,토,패,1,6,삼성
2012,9,23,일,승,3,1,LG
2012,9,24,월,패,1,2,삼성
2012,9,27,목,패,2,6,삼성
2012,9,28,금,패,3,6,삼성
2012,9,30,일,패,0,1,KIA
2012,10,1,월,패,0,10,KIA
2012,10,2,화,승,10,2,KIA
2012,10,5,금,승,8,3,SK
2012,10,6,토,패,1,6,SK
2013,3,30,토,승,6,5,한화
2013,3,31,일,승,6,5,한화
2013,4,2,화,승,4,0,NC
2013,4,3,수,승,3,2,NC
2013,4,4,목,승,5,1,NC
2013,4,5,금,패,3,9,KIA
2013,4,7,일,패,1,3,KIA
2013,4,12,금,무,3,3,두산
2013,4,13,토,패,2,7,두산
2013,4,14,일,패,6,7,두산
2013,4,16,화,패,4,7,넥센
2013,4,17,수,패,2,4,넥센
2013,4,18,목,패,4,14,넥센
2013,4,19,금,승,4,3,삼성
2013,4,21,일,패,8,9,삼성
2013,4,24,수,승,8,7,SK
2013,4,25,목,승,6,0,SK
2013,4,26,금,패,4,5,LG
2013,4,27,토,승,2,1,LG
2013,4,28,일,패,0,4,LG
2013,4,30,화,패,3,9,한화
2013,5,1,수,승,4,3,한화
2013,5,2,목,승,4,3,한화
2013,5,3,금,패,3,10,삼성
2013,5,4,토,패,3,5,삼성
2013,5,5,일,패,1,6,삼성
2013,5,7,화,승,3,0,KIA
2013,5,8,수,승,5,1,KIA
2013,5,10,금,패,2,4,LG
2013,5,11,토,승,4,3,LG
2013,5,12,일,승,8,3,LG
2013,5,14,화,무,2,2,NC
2013,5,15,수,패,4,6,NC
2013,5,16,목,패,5,8,NC
2013,5,17,금,패,3,4,SK
2013,5,18,토,승,6,5,SK
2013,5,19,일,승,11,5,SK
2013,5,24,금,승,2,1,넥센
2013,5,25,토,패,3,4,넥센
2013,5,26,일,패,1,7,넥센
2013,5,28,화,승,8,3,두산
2013,5,29,수,승,3,0,두산
2013,5,30,목,승,8,6,두산
2013,5,31,금,승,10,0,삼성
2013,6,1,토,승,2,1,삼성
2013,6,2,일,패,3,5,삼성
2013,6,4,화,패,2,7,KIA
2013,6,5,수,승,6,3,KIA
2013,6,6,목,승,13,3,KIA
2013,6,7,금,패,4,7,LG
2013,6,8,토,패,0,6,LG
2013,6,9,일,승,8,2,LG
2013,6,12,수,승,6,3,넥센
2013,6,13,목,승,4,3,넥센
2013,6,14,금,승,9,5,한화
2013,6,15,토,패,2,3,한화
2013,6,16,일,승,4,3,한화
2013,6,19,수,승,13,6,두산
2013,6,20,목,승,4,2,두산
2013,6,21,금,패,4,5,SK
2013,6,22,토,승,3,2,SK
2013,6,23,일,패,5,8,SK
2013,6,26,수,승,3,2,NC
2013,6,27,목,승,2,0,NC
2013,7,2,화,패,4,6,삼성
2013,7,3,수,승,9,2,삼성
2013,7,6,토,패,6,8,KIA
2013,7,9,화,패,1,3,넥센
2013,7,10,수,승,6,2,넥센
2013,7,12,금,패,1,2,NC
2013,7,13,토,패,7,8,NC
2013,7,14,일,패,1,10,NC
2013,7,16,화,패,3,5,LG
2013,7,17,수,패,3,5,LG
2013,7,23,화,승,5,4,한화
2013,7,24,수,승,6,5,한화
2013,7,25,목,승,5,1,한화
2013,7,26,금,패,1,11,SK
2013,7,27,토,승,7,4,SK
2013,7,28,일,패,3,4,SK
2013,7,30,화,승,6,2,두산
2013,7,31,수,패,1,9,두산
2013,8,1,목,패,3,8,두산
2013,8,6,화,승,5,3,KIA
2013,8,7,수,승,7,1,KIA
2013,8,8,목,승,5,4,LG
2013,8,9,금,패,2,7,LG
2013,8,10,토,패,0,6,SK
2013,8,11,일,패,3,4,SK
2013,8,13,화,패,2,3,두산
2013,8,14,수,패,6,7,두산
2013,8,15,목,패,1,6,넥센
2013,8,16,금,승,9,3,넥센
2013,8,17,토,승,5,3,NC
2013,8,18,일,무,6,6,NC
2013,8,20,화,승,4,0,한화
2013,8,21,수,승,6,4,한화
2013,8,25,일,패,2,5,삼성
2013,8,27,화,승,7,2,KIA
2013,8,28,수,패,4,5,KIA
2013,8,29,목,승,1,0,한화
2013,8,30,금,승,6,4,한화
2013,8,31,토,패,2,8,LG
2013,9,1,일,패,2,3,LG
2013,9,3,화,승,5,4,넥센
2013,9,4,수,패,2,5,넥센
2013,9,5,목,패,3,6,SK
2013,9,10,화,패,2,3,NC
2013,9,11,수,승,2,0,NC
2013,9,12,목,승,1,0,삼성
2013,9,13,금,패,5,10,삼성
2013,9,14,토,패,4,11,두산
2013,9,15,일,무,6,6,두산
2013,9,17,화,패,1,7,넥센
2013,9,18,수,승,12,3,KIA
2013,9,19,목,승,4,3,NC
2013,9,22,일,패,3,4,넥센
2013,9,23,월,승,10,3,두산
2013,9,24,화,승,8,2,KIA
2013,9,25,수,패,1,7,KIA
2013,9,26,목,승,2,1,KIA
2013,9,27,금,승,4,3,삼성
2013,9,28,토,승,6,0,한화
2013,9,30,월,승,7,1,SK
2013,10,1,화,승,4,3,LG
2013,10,2,수,패,2,9,삼성
2013,10,3,목,승,8,7,삼성
2013,10,4,금,승,7,2,SK
2014,3,30,일,패,2,4,한화
2014,3,31,월,승,11,2,한화
2014,4,4,금,승,4,2,삼성
2014,4,5,토,승,6,4,삼성
2014,4,6,일,패,1,7,삼성
2014,4,8,화,무,2,2,LG
2014,4,9,수,패,4,7,LG
2014,4,10,목,승,4,1,LG
2014,4,11,금,승,20,8,KIA
2014,4,12,토,패,0,3,KIA
2014,4,13,일,승,6,3,KIA
2014,4,15,화,패,3,5,NC
2014,4,16,수,패,7,8,NC
2014,4,18,금,승,13,7,두산
2014,4,19,토,패,5,6,두산
2014,4,20,일,승,3,2,두산
2014,4,22,화,패,9,10,넥센
2014,4,23,수,승,10,2,넥센
2014,4,24,목,패,3,10,넥센
2014,4,25,금,패,6,7,SK
2014,4,26,토,승,5,4,SK
2014,4,27,일,승,3,1,SK
2014,4,30,수,승,6,4,한화
2014,5,1,목,패,0,3,한화
2014,5,3,토,승,6,5,SK
2014,5,4,일,승,16,4,SK
2014,5,5,월,패,5,9,SK
2014,5,6,화,승,19,10,두산
2014,5,7,수,승,10,6,두산
2014,5,8,목,패,6,15,두산
2014,5,9,금,승,3,1,NC
2014,5,10,토,패,2,4,NC
2014,5,11,일,패,1,10,NC
2014,5,13,화,패,0,5,LG
2014,5,14,수,패,1,2,LG
2014,5,15,목,승,9,4,LG
2014,5,16,금,승,4,3,넥센
2014,5,17,토,패,2,14,넥센
2014,5,18,일,승,11,6,넥센
2014,5,20,화,패,2,7,삼성
2014,5,21,수,패,5,7,삼성
2014,5,22,목,패,5,6,삼성
2014,5,23,금,승,3,2,KIA
2014,5,24,토,패,1,4,KIA
2014,5,25,일,패,5,7,KIA
2014,5,30,금,패,1,6,두산
2014,5,31,토,승,23,1,두산
2014,6,1,일,승,14,5,두산
2014,6,5,목,승,10,1,한화
2014,6,6,금,패,4,7,SK
2014,6,7,토,승,4,0,SK
2014,6,8,일,승,3,0,SK
2014,6,10,화,패,2,5,LG
2014,6,11,수,승,4,1,LG
2014,6,13,금,승,8,6,KIA
2014,6,14,토,승,6,4,KIA
2014,6,15,일,패,4,8,KIA
2014,6,17,화,패,5,10,NC
2014,6,18,수,패,2,5,NC
2014,6,19,목,승,7,5,NC
2014,6,24,화,패,5,6,한화
2014,6,25,수,승,9,3,한화
2014,6,26,목,승,10,9,한화
2014,6,27,금,승,8,7,NC
2014,6,28,토,승,4,1,NC
2014,6,29,일,승,9,0,NC
2014,7,1,화,패,7,12,넥센
2014,7,2,수,패,3,7,넥센
2014,7,3,목,패,9,10,넥센
2014,7,4,금,승,6,2,SK
2014,7,5,토,승,8,7,SK
2014,7,7,월,패,3,10,SK
2014,7,8,화,패,0,4,삼성
2014,7,9,수,패,4,5,삼성
2014,7,10,목,승,5,2,삼성
2014,7,11,금,승,12,5,KIA
2014,7,12,토,패,4,5,KIA
2014,7,13,일,승,2,0,KIA
2014,7,16,수,패,3,4,넥센
2014,7,22,화,패,3,5,삼성
2014,7,23,수,패,12,15,삼성
2014,7,24,목,패,1,17,삼성
2014,7,26,토,패,2,6,LG
2014,7,27,일,승,4,3,LG
2014,7,28,월,패,3,5,LG
2014,7,29,화,패,1,12,두산
2014,7,30,수,승,3,1,두산
2014,7,31,목,승,13,3,두산
2014,8,5,화,패,1,3,NC
2014,8,6,수,승,10,4,NC
2014,8,8,금,패,9,10,삼성
2014,8,9,토,패,3,7,KIA
2014,8,10,일,패,3,6,KIA
2014,8,12,화,패,1,10,넥센
2014,8,13,수,패,5,8,넥센
2014,8,14,목,승,9,4,한화
2014,8,15,금,패,6,8,한화
2014,8,16,토,패,2,9,두산
2014,8,17,일,패,4,7,두산
2014,8,19,화,패,7,10,한화
2014,8,23,토,패,0,3,LG
2014,8,24,일,패,5,6,LG
2014,8,26,화,패,7,10,삼성
2014,8,27,수,승,11,4,삼성
2014,8,28,목,승,6,5,KIA
2014,8,29,금,패,5,9,KIA
2014,8,30,토,패,2,3,LG
2014,8,31,일,승,6,2,LG
2014,9,4,목,승,6,4,SK
2014,9,5,금,패,3,12,SK
2014,9,6,토,승,10,5,넥센
2014,9,7,일,패,6,7,넥센
2014,9,9,화,패,8,10,SK
2014,9,10,수,승,11,5,SK
2014,9,11,목,승,5,1,NC
2014,9,12,금,패,0,6,NC
2014,9,13,토,패,3,4,두산
2014,9,14,일,승,4,3,두산
2014,10,1,수,패,3,4,삼성
2014,10,2,목,승,10,5,한화
2014,10,3,금,승,15,3,한화
2014,10,7,화,패,5,8,한화
2014,10,10,금,패,0,12,NC
2014,10,11,토,승,4,3,한화
2014,10,12,일,승,4,2,한화
2014,10,14,화,패,4,12,넥센
2014,10,15,수,패,6,7,넥센
2014,10,17,금,승,8,5,LG
2015,3,28,토,승,12,9,kt
2015,3,29,일,승,5,4,kt
2015,3,31,화,승,7,1,LG
2015,4,1,수,패,2,3,LG
2015,4,3,금,승,5,0,두산
2015,4,5,일,승,16,4,두산
2015,4,7,화,패,1,3,삼성
2015,4,8,수,패,2,4,삼성
2015,4,9,목,패,4,5,삼성
2015,4,10,금,승,10,9,한화
2015,4,11,토,패,1,4,한화
2015,4,12,일,승,15,3,한화
2015,4,14,화,승,5,4,NC
2015,4,15,수,승,6,0,NC
2015,4,16,목,패,3,8,NC
2015,4,17,금,패,1,12,두산
2015,4,18,토,패,5,7,두산
2015,4,21,화,패,2,3,KIA
2015,4,22,수,승,7,6,KIA
2015,4,23,목,패,6,7,KIA
2015,4,24,금,승,5,3,삼성
2015,4,25,토,승,12,9,삼성
2015,4,26,일,승,7,1,삼성
2015,4,28,화,패,4,8,넥센
2015,4,30,목,승,4,2,넥센
2015,5,1,금,패,5,7,한화
2015,5,2,토,패,3,5,한화
2015,5,3,일,승,6,3,한화
2015,5,5,화,패,4,11,SK
2015,5,6,수,패,3,5,SK
2015,5,7,목,패,2,3,SK
2015,5,8,금,패,3,4,NC
2015,5,9,토,패,3,6,NC
2015,5,10,일,패,2,6,NC
2015,5,12,화,승,5,4,넥센
2015,5,13,수,승,9,8,넥센
2015,5,14,목,패,5,10,넥센
2015,5,15,금,승,11,10,kt
2015,5,16,토,승,10,1,kt
2015,5,17,일,승,6,2,kt
2015,5,19,화,승,6,3,KIA
2015,5,20,수,패,5,9,KIA
2015,5,21,목,승,4,2,KIA
2015,5,22,금,패,12,20,LG
2015,5,23,토,승,19,11,LG
2015,5,24,일,승,10,3,LG
2015,5,26,화,승,10,5,SK
2015,5,27,수,패,0,6,SK
2015,5,28,목,승,3,1,SK
2015,5,29,금,승,9,1,한화
2015,5,30,토,패,3,4,한화
2015,5,31,일,승,8,3,한화
2015,6,2,화,패,7,13,삼성
2015,6,3,수,패,1,8,삼성
2015,6,4,목,패,2,6,삼성
2015,6,6,토,패,1,2,KIA
2015,6,7,일,승,4,2,KIA
2015,6,9,화,패,2,7,kt
2015,6,10,수,패,7,10,kt
2015,6,11,목,패,6,16,kt
2015,6,12,금,패,2,8,SK
2015,6,13,토,패,4,5,SK
2015,6,14,일,승,1,0,SK
2015,6,16,화,패,1,9,넥센
2015,6,17,수,승,8,1,넥센
2015,6,18,목,패,0,6,넥센
2015,6,19,금,승,4,3,두산
2015,6,21,일,패,0,10,두산
2015,6,23,화,패,4,12,삼성
2015,6,24,수,승,13,9,삼성
2015,6,26,금,승,8,2,넥센
2015,6,27,토,패,3,8,넥센
2015,6,28,일,패,1,7,넥센
2015,7,1,수,승,4,3,NC
2015,7,2,목,패,2,3,NC
2015,7,3,금,패,7,8,SK
2015,7,4,토,승,7,2,SK
2015,7,5,일,패,1,5,SK
2015,7,7,화,승,7,6,LG
2015,7,8,수,패,0,1,LG
2015,7,9,목,패,1,2,LG
2015,7,10,금,패,5,6,두산
2015,7,14,화,패,3,4,한화
2015,7,15,수,승,12,10,한화
2015,7,16,목,승,7,4,한화
2015,7,21,화,승,2,1,NC
2015,7,22,수,패,2,3,NC
2015,7,23,목,패,9,11,NC
2015,7,24,금,패,8,9,KIA
2015,7,25,토,승,7,1,KIA
2015,7,26,일,승,4,2,KIA
2015,7,28,화,승,3,0,LG
2015,7,29,수,승,3,2,LG
2015,7,30,목,패,5,8,LG
2015,7,31,금,승,12,2,kt
2015,8,1,토,패,6,19,kt
2015,8,2,일,패,9,10,kt
2015,8,4,화,패,0,3,두산
2015,8,5,수,승,8,6,두산
2015,8,6,목,패,3,8,NC
2015,8,7,금,패,0,13,NC
2015,8,8,토,패,4,6,한화
2015,8,9,일,패,1,2,한화
2015,8,11,화,승,11,6,SK
2015,8,13,목,승,4,2,kt
2015,8,14,금,패,4,9,kt
2015,8,15,토,승,4,3,넥센
2015,8,17,월,패,5,9,넥센
2015,8,18,화,승,7,4,LG
2015,8,19,수,승,7,2,LG
2015,8,21,금,승,9,1,KIA
2015,8,22,토,패,4,15,삼성
2015,8,23,일,승,15,0,삼성
2015,8,26,수,패,3,5,두산
2015,8,27,목,승,8,3,넥센
2015,8,28,금,패,5,9,넥센
2015,8,29,토,패,4,7,NC
2015,8,30,일,패,4,6,NC
2015,9,1,화,승,6,5,kt
2015,9,2,수,승,5,1,kt
2015,9,3,목,승,7,5,KIA
2015,9,4,금,승,4,1,KIA
2015,9,5,토,승,9,4,LG
2015,9,6,일,무,1,1,LG
2015,9,8,화,승,10,4,SK
2015,9,9,수,패,2,3,SK
2015,9,10,목,승,4,3,삼성
2015,9,11,금,패,7,9,삼성
2015,9,12,토,승,11,2,한화
2015,9,13,일,패,4,7,한화
2015,9,15,화,승,8,2,두산
2015,9,16,수,승,9,7,두산
2015,9,17,목,패,0,13,두산
2015,9,18,금,패,1,3,SK
2015,9,20,일,패,13,17,삼성
2015,9,22,화,패,5,6,두산
2015,9,24,목,패,2,3,두산
2015,9,24,목,패,6,10,두산
2015,9,27,일,승,4,2,NC
2015,9,29,화,패,4,6,KIA
2015,9,30,수,패,1,13,KIA
2015,10,2,금,패,6,10,넥센
2015,10,3,토,패,2,5,LG
2015,10,4,일,승,6,3,kt
2016,4,1,금,승,2,1,넥센
2016,4,2,토,패,3,5,넥센
2016,4,3,일,패,5,6,넥센
2016,4,5,화,승,2,1,SK
2016,4,6,수,승,11,1,SK
2016,4,7,목,패,3,8,SK
2016,4,8,금,패,3,7,삼성
2016,4,9,토,승,7,4,삼성
2016,4,10,일,승,5,1,삼성
2016,4,12,화,패,11,12,LG
2016,4,13,수,패,3,5,LG
2016,4,14,목,승,9,0,LG
2016,4,15,금,패,0,3,NC
2016,4,17,일,승,8,5,NC
2016,4,19,화,승,4,3,한화
2016,4,20,수,승,10,4,한화
2016,4,21,목,패,5,9,한화
2016,4,22,금,승,7,5,KIA
2016,4,23,토,패,10,16,KIA
2016,4,24,일,패,4,11,KIA
2016,4,26,화,패,1,2,kt
2016,4,27,수,승,4,0,kt
2016,4,28,목,승,8,3,kt
2016,4,29,금,패,3,6,NC
2016,4,30,토,패,1,8,NC
2016,5,1,일,패,2,5,NC
2016,5,3,화,패,2,3,KIA
2016,5,4,수,패,2,3,KIA
2016,5,5,목,패,1,17,KIA
2016,5,6,금,승,7,0,두산
2016,5,7,토,승,5,0,두산
2016,5,8,일,승,17,11,두산
2016,5,11,수,패,2,16,넥센
2016,5,12,목,승,8,1,넥센
2016,5,13,금,승,14,8,삼성
2016,5,14,토,패,4,10,삼성
2016,5,15,일,승,8,3,삼성
2016,5,17,화,패,3,7,SK
2016,5,18,수,패,3,5,SK
2016,5,19,목,승,4,3,SK
2016,5,20,금,패,5,19,두산
2016,5,21,토,패,4,6,두산
2016,5,22,일,승,10,4,두산
2016,5,25,수,승,2,1,LG
2016,5,26,목,승,7,4,LG
2016,5,27,금,패,7,11,한화
2016,5,28,토,패,6,9,한화
2016,5,29,일,패,2,9,한화
2016,5,31,화,승,9,5,kt
2016,6,1,수,승,2,0,kt
2016,6,2,목,패,1,2,kt
2016,6,3,금,패,3,5,NC
2016,6,5,일,패,7,14,NC
2016,6,7,화,승,9,6,SK
2016,6,8,수,승,3,2,SK
2016,6,9,목,패,5,6,SK
2016,6,10,금,패,3,5,두산
2016,6,11,토,승,10,8,두산
2016,6,12,일,패,4,5,두산
2016,6,14,화,패,6,9,넥센
2016,6,15,수,승,11,6,넥센
2016,6,16,목,패,7,10,넥센
2016,6,17,금,패,1,12,SK
2016,6,18,토,패,0,4,SK
2016,6,19,일,승,10,3,SK
2016,6,21,화,패,6,9,KIA
2016,6,22,수,승,18,5,KIA
2016,6,23,목,패,2,6,KIA
2016,6,24,금,승,4,2,한화
2016,6,25,토,패,1,8,한화
2016,6,26,일,승,12,4,한화
2016,6,28,화,승,7,4,삼성
2016,6,29,수,승,5,4,삼성
2016,6,30,목,승,7,6,삼성
2016,7,6,수,패,3,12,NC
2016,7,7,목,패,4,8,NC
2016,7,8,금,승,8,5,LG
2016,7,9,토,승,13,12,LG
2016,7,10,일,패,0,6,LG
2016,7,12,화,패,4,8,삼성
2016,7,13,수,승,13,12,삼성
2016,7,14,목,승,4,2,삼성
2016,7,19,화,패,1,6,KIA
2016,7,20,수,승,9,6,KIA
2016,7,21,목,승,10,1,KIA
2016,7,22,금,승,10,2,한화
2016,7,23,토,승,7,6,한화
2016,7,24,일,패,1,8,한화
2016,7,26,화,승,12,10,LG
2016,7,27,수,패,1,7,LG
2016,7,28,목,패,2,5,LG
2016,7,29,금,패,11,12,kt
2016,7,30,토,패,3,4,kt
2016,7,31,일,패,2,3,kt
2016,8,3,수,승,6,5,넥센
2016,8,4,목,패,4,5,넥센
2016,8,5,금,승,5,2,두산
2016,8,6,토,승,11,1,두산
2016,8,7,일,패,7,12,두산
2016,8,9,화,패,0,13,NC
2016,8,10,수,패,5,7,NC
2016,8,11,목,패,2,3,한화
2016,8,12,금,승,4,3,한화
2016,8,13,토,패,3,4,SK
2016,8,14,일,패,5,6,SK
2016,8,16,화,패,1,8,넥센
2016,8,17,수,패,0,7,넥센
2016,8,18,목,승,4,3,KIA
2016,8,19,금,패,9,10,KIA
2016,8,20,토,패,2,3,SK
2016,8,21,일,승,4,3,SK
2016,8,23,화,승,8,4,kt
2016,8,24,수,패,2,5,kt
2016,8,26,금,패,4,11,두산
2016,8,27,토,패,0,13,삼성
2016,8,30,화,승,8,4,LG
2016,8,31,수,승,9,1,LG
2016,9,1,목,패,2,4,NC
2016,9,3,토,승,2,1,KIA
2016,9,4,일,패,3,4,KIA
2016,9,6,화,승,9,7,두산
2016,9,7,수,패,5,10,두산
2016,9,8,목,승,5,4,삼성
2016,9,9,금,패,5,7,삼성
2016,9,10,토,패,6,9,LG
2016,9,11,일,패,8,12,LG
2016,9,13,화,승,9,2,kt
2016,9,14,수,승,8,7,kt
2016,9,15,목,패,6,7,한화
2016,9,16,금,승,8,6,한화
2016,9,18,일,승,13,6,넥센
2016,9,19,월,패,1,11,넥센
2016,9,21,수,승,10,9,삼성
2016,9,24,토,패,1,3,NC
2016,9,25,일,패,0,1,NC
2016,9,27,화,승,9,7,kt
2016,9,29,목,승,9,7,kt
2016,9,30,금,승,5,4,kt
2016,10,1,토,패,0,8,NC
2016,10,2,일,패,6,11,NC
2016,10,4,화,패,5,6,두산
2016,10,6,목,패,1,4,LG
2016,10,7,금,승,5,4,넥센
2016,10,9,일,승,8,5,넥센
2017,3,31,금,패,5,6,NC
2017,4,1,토,승,3,0,NC
2017,4,2,일,승,12,4,NC
2017,4,4,화,승,5,2,넥센
2017,4,6,목,승,12,3,넥센
2017,4,7,금,패,4,6,LG
2017,4,8,토,승,8,6,LG
2017,4,9,일,승,7,1,LG
2017,4,11,화,승,6,4,SK
2017,4,12,수,패,1,2,SK
2017,4,13,목,패,10,11,SK
2017,4,14,금,승,9,6,삼성
2017,4,15,토,승,6,4,삼성
2017,4,16,일,패,0,3,삼성
2017,4,18,화,패,3,8,NC
2017,4,19,수,패,2,8,NC
2017,4,20,목,패,4,5,NC
2017,4,21,금,패,1,4,넥센
2017,4,22,토,승,3,2,넥센
2017,4,23,일,패,5,6,넥센
2017,4,25,화,승,4,2,한화
2017,4,26,수,승,8,2,한화
2017,4,27,목,패,1,6,한화
2017,4,28,금,패,0,2,두산
2017,4,29,토,패,3,5,두산
2017,4,30,일,승,6,0,두산
2017,5,2,화,승,9,0,kt
2017,5,3,수,패,2,8,kt
2017,5,4,목,승,3,2,kt
2017,5,5,금,패,3,5,KIA
2017,5,6,토,패,0,3,KIA
2017,5,7,일,패,3,5,KIA
2017,5,10,수,승,8,1,한화
2017,5,11,목,패,1,2,한화
2017,5,13,토,패,4,9,두산
2017,5,14,일,패,1,15,두산
2017,5,16,화,승,6,0,kt
2017,5,17,수,승,9,4,kt
2017,5,18,목,승,11,4,kt
2017,5,19,금,승,9,4,LG
2017,5,20,토,패,2,3,LG
2017,5,21,일,패,3,4,LG
2017,5,23,화,승,7,6,SK
2017,5,24,수,승,7,5,SK
2017,5,25,목,승,17,6,SK
2017,5,26,금,승,8,2,KIA
2017,5,27,토,패,7,15,KIA
2017,5,28,일,패,4,8,KIA
2017,5,30,화,승,1,0,삼성
2017,5,31,수,패,4,11,삼성
2017,6,1,목,패,2,13,삼성
2017,6,2,금,패,8,11,kt
2017,6,3,토,패,1,10,kt
2017,6,4,일,승,14,8,kt
2017,6,6,화,승,5,4,NC
2017,6,7,수,패,4,12,NC
2017,6,8,목,패,0,16,NC
2017,6,9,금,패,0,4,두산
2017,6,10,토,승,7,6,두산
2017,6,11,일,승,7,4,두산
2017,6,13,화,패,7,10,KIA
2017,6,14,수,패,3,6,KIA
2017,6,15,목,패,5,7,KIA
2017,6,16,금,패,1,2,넥센
2017,6,17,토,패,2,8,넥센
2017,6,18,일,패,3,14,넥센
2017,6,20,화,승,10,2,kt
2017,6,21,수,승,10,4,kt
2017,6,22,목,패,3,10,kt
2017,6,23,금,패,1,9,두산
2017,6,24,토,승,8,4,두산
2017,6,25,일,승,4,2,두산
2017,6,27,화,승,11,10,LG
2017,6,28,수,무,9,9,LG
2017,6,30,금,승,9,0,NC
2017,7,1,토,승,9,5,NC
2017,7,2,일,승,2,1,NC
2017,7,4,화,패,2,4,삼성
2017,7,5,수,패,5,6,삼성
2017,7,6,목,승,4,2,삼성
2017,7,7,금,패,5,6,SK
2017,7,8,토,승,6,4,SK
2017,7,9,일,패,0,6,SK
2017,7,11,화,승,5,4,한화
2017,7,12,수,승,8,4,한화
2017,7,13,목,패,4,6,한화
2017,7,18,화,승,5,2,삼성
2017,7,19,수,패,0,3,삼성
2017,7,20,목,무,4,4,삼성
2017,7,21,금,승,4,3,KIA
2017,7,22,토,승,1,0,KIA
2017,7,23,일,승,3,1,KIA
2017,7,26,수,승,9,8,한화
2017,7,27,목,패,3,6,한화
2017,7,28,금,패,7,8,SK
2017,7,29,토,패,1,4,SK
2017,7,30,일,승,3,2,SK
2017,8,1,화,패,0,2,LG
2017,8,2,수,패,4,5,LG
2017,8,3,목,패,6,9,LG
2017,8,4,금,승,10,8,넥센
2017,8,5,토,승,5,4,넥센
2017,8,6,일,승,6,4,넥센
2017,8,8,화,승,5,4,kt
2017,8,9,수,승,7,6,kt
2017,8,10,목,패,2,3,NC
2017,8,11,금,승,5,3,NC
2017,8,12,토,패,7,13,삼성
2017,8,13,일,승,9,7,삼성
2017,8,15,화,승,8,6,두산
2017,8,16,수,승,4,2,두산
2017,8,17,목,승,5,3,넥센
2017,8,18,금,승,8,5,넥센
2017,8,19,토,패,0,2,한화
2017,8,20,일,승,4,3,한화
2017,8,22,화,승,7,3,KIA
2017,8,23,수,승,7,5,KIA
2017,8,24,목,승,11,0,LG
2017,8,25,금,승,8,2,LG
2017,8,26,토,승,6,1,넥센
2017,8,27,일,패,8,9,넥센
2017,8,29,화,패,5,7,두산
2017,8,30,수,승,5,2,두산
2017,8,31,목,승,8,5,NC
2017,9,1,금,승,6,1,NC
2017,9,2,토,승,9,0,한화
2017,9,3,일,승,7,2,한화
2017,9,5,화,패,2,6,SK
2017,9,7,목,패,5,6,삼성
2017,9,8,금,승,6,5,삼성
2017,9,9,토,패,2,3,kt
2017,9,10,일,승,7,5,kt
2017,9,12,화,승,2,1,LG
2017,9,13,수,패,1,3,LG
2017,9,14,목,패,2,11,KIA
2017,9,15,금,승,4,3,KIA
2017,9,16,토,승,6,1,SK
2017,9,17,일,승,9,5,SK
2017,9,19,화,패,3,8,두산
2017,9,22,금,승,2,0,한화
2017,9,23,토,승,7,2,넥센
2017,9,26,화,승,11,8,한화
2017,9,29,금,승,7,2,SK
2017,10,3,화,승,4,2,LG
2018,3,13,화,패,3,4,LG
2018,3,24,토,패,5,6,SK
2018,3,25,일,패,0,5,SK
2018,3,27,화,패,0,5,두산
2018,3,28,수,패,5,6,두산
2018,3,29,목,패,1,4,두산
2018,3,30,금,패,5,7,NC
2018,3,31,토,패,5,10,NC
2018,4,1,일,승,3,2,NC
2018,4,3,화,패,11,17,한화
2018,4,4,수,패,6,7,한화
2018,4,6,금,패,6,14,LG
2018,4,7,토,승,7,2,LG
2018,4,8,일,패,2,4,LG
2018,4,10,화,승,4,3,넥센
2018,4,11,수,승,12,0,넥센
2018,4,12,목,패,3,5,넥센
2018,4,13,금,승,8,4,KIA
2018,4,17,화,패,6,11,삼성
2018,4,18,수,승,9,7,삼성
2018,4,19,목,패,0,6,삼성
2018,4,20,금,승,10,5,SK
2018,4,21,토,승,4,3,SK
2018,4,22,일,패,4,10,SK
2018,4,24,화,승,14,8,KT
2018,4,25,수,승,5,4,KT
2018,4,26,목,패,2,5,KT
2018,4,27,금,승,5,3,한화
2018,4,28,토,패,2,4,한화
2018,4,29,일,승,4,3,한화
2018,5,1,화,승,4,0,KIA
2018,5,2,수,패,6,12,KIA
2018,5,3,목,승,5,4,KIA
2018,5,4,금,패,4,5,SK
2018,5,5,토,승,8,1,SK
2018,5,8,화,승,4,2,LG
2018,5,9,수,패,2,3,LG
2018,5,10,목,승,7,2,LG
2018,5,11,금,승,6,2,KT
2018,5,13,일,승,3,1,KT
2018,5,15,화,승,5,3,NC
2018,5,17,목,승,7,0,NC
2018,5,18,금,패,1,7,두산
2018,5,19,토,승,15,2,두산
2018,5,20,일,패,6,7,두산
2018,5,22,화,패,4,10,삼성
2018,5,23,수,패,4,6,삼성
2018,5,24,목,패,2,9,삼성
2018,5,25,금,패,2,13,넥센
2018,5,26,토,패,2,3,넥센
2018,5,27,일,승,6,4,넥센
2018,5,29,화,패,3,5,LG
2018,5,30,수,패,5,15,LG
2018,5,31,목,패,10,11,LG
2018,6,1,금,패,6,13,한화
2018,6,2,토,패,2,3,한화
2018,6,3,일,승,6,0,한화
2018,6,5,화,승,12,6,NC
2018,6,6,수,승,10,5,NC
2018,6,7,목,패,4,5,NC
2018,6,8,금,승,9,6,KIA
2018,6,9,토,패,5,7,KIA
2018,6,12,화,패,2,4,삼성
2018,6,13,수,승,10,9,삼성
2018,6,14,목,패,9,11,삼성
2018,6,15,금,승,14,6,SK
2018,6,16,토,승,9,3,SK
2018,6,17,일,승,13,7,SK
2018,6,19,화,승,9,7,KT
2018,6,20,수,승,11,4,KT
2018,6,21,목,무,5,5,KT
2018,6,22,금,패,1,2,LG
2018,6,23,토,패,8,18,LG
2018,6,24,일,무,2,2,LG
2018,6,26,화,패,3,9,넥센
2018,6,27,수,승,9,8,넥센
2018,6,28,목,승,8,6,넥센
2018,6,29,금,패,2,5,한화
2018,6,30,토,패,5,6,한화
2018,7,4,수,패,4,7,두산
2018,7,5,목,패,2,9,두산
2018,7,6,금,승,11,9,KT
2018,7,7,토,패,1,9,KT
2018,7,8,일,승,10,5,KT
2018,7,10,화,패,3,6,삼성
2018,7,11,수,패,2,4,삼성
2018,7,12,목,패,4,8,삼성
2018,7,17,화,승,12,6,두산
2018,7,18,수,패,4,5,두산
2018,7,19,목,패,1,7,두산
2018,7,20,금,패,2,6,SK
2018,7,21,토,패,3,4,SK
2018,7,22,일,승,12,4,SK
2018,7,24,화,패,2,3,NC
2018,7,25,수,패,6,9,NC
2018,7,26,목,승,13,1,NC
2018,7,27,금,승,9,2,넥센
2018,7,28,토,승,11,7,넥센
2018,7,29,일,승,4,3,넥센
2018,7,31,화,패,1,4,KIA
2018,8,1,수,패,1,8,KIA
2018,8,2,목,승,9,6,KIA
2018,8,4,토,승,5,4,삼성
2018,8,5,일,패,2,8,삼성
2018,8,7,화,승,4,3,LG
2018,8,8,수,승,2,1,LG
2018,8,9,목,승,11,4,KIA
2018,8,11,토,패,2,5,두산
2018,8,12,일,승,12,11,두산
2018,8,14,화,승,9,4,한화
2018,8,16,목,승,8,6,KIA
2018,9,4,화,패,4,6,한화
2018,9,5,수,패,5,11,한화
2018,9,6,목,승,10,0,SK
2018,9,7,금,패,0,3,SK
2018,9,8,토,패,1,7,NC
2018,9,9,일,패,3,11,NC
2018,9,11,화,패,4,17,두산
2018,9,12,수,패,9,13,두산
2018,9,14,금,패,5,9,KIA
2018,9,15,토,패,5,6,넥센
2018,9,16,일,패,0,2,넥센
2018,9,18,화,승,4,1,LG
2018,9,19,수,승,15,11,LG
2018,9,20,목,승,11,10,KT
2018,9,22,토,승,5,2,삼성
2018,9,23,일,패,2,5,삼성
2018,9,25,화,승,8,7,NC
2018,9,26,수,승,10,7,NC
2018,9,27,목,승,8,6,넥센
2018,9,28,금,패,8,9,넥센
2018,9,29,토,승,8,3,KT
2018,9,30,일,승,8,7,KT
2018,10,2,화,승,8,6,SK
2018,10,3,수,패,6,7,한화
2018,10,4,목,승,7,2,한화
2018,10,6,토,승,8,5,한화
2018,10,7,일,승,8,2,NC
2018,10,9,화,승,11,10,KIA
2018,10,10,수,패,1,10,KT
2018,10,10,수,패,0,7,KT
2018,10,11,목,승,4,0,KIA
2018,10,12,금,패,4,6,KIA
2018,10,13,토,승,5,1,KIA
2018,10,14,일,패,1,5,두산
2019,3,23,토,패,4,7,키움
2019,3,24,일,승,6,2,키움
2019,3,26,화,승,7,2,삼성
2019,3,27,수,패,4,23,삼성
2019,3,28,목,패,7,12,삼성
2019,3,29,금,패,1,2,LG
2019,3,30,토,승,7,1,LG
2019,3,31,일,패,5,6,LG
2019,4,2,화,승,5,0,SK
2019,4,3,수,승,3,1,SK
2019,4,4,목,패,6,7,SK
2019,4,5,금,승,5,2,한화
2019,4,6,토,승,9,7,한화
2019,4,7,일,패,1,16,한화
2019,4,10,수,패,1,3,두산
2019,4,11,목,패,1,5,두산
2019,4,12,금,패,1,2,NC
2019,4,13,토,패,5,7,NC
2019,4,14,일,패,1,8,NC
2019,4,16,화,승,10,9,KIA
2019,4,17,수,승,8,6,KIA
2019,4,18,목,승,10,9,KIA
2019,4,19,금,패,5,6,KT
2019,4,20,토,승,5,4,KT
2019,4,21,일,패,3,6,KT
2019,4,24,수,패,4,5,한화
2019,4,26,금,패,8,11,두산
2019,4,27,토,패,0,7,두산
2019,4,28,일,패,2,9,두산
2019,4,30,화,승,6,1,NC
2019,5,1,수,패,5,9,NC
2019,5,2,목,패,6,7,NC
2019,5,3,금,패,7,11,SK
2019,5,4,토,패,4,10,SK
2019,5,5,일,패,3,4,SK
2019,5,7,화,패,2,7,KT
2019,5,8,수,패,4,5,KT
2019,5,9,목,승,13,6,KT
2019,5,10,금,승,12,5,삼성
2019,5,11,토,패,2,9,삼성
2019,5,12,일,승,10,9,삼성
2019,5,14,화,승,4,0,LG
2019,5,15,수,승,8,4,LG
2019,5,16,목,패,2,3,LG
2019,5,17,금,패,0,7,키움
2019,5,18,토,패,1,13,키움
2019,5,19,일,패,3,9,키움
2019,5,21,화,패,6,10,KIA
2019,5,22,수,패,5,6,KIA
2019,5,23,목,패,1,3,KIA
2019,5,24,금,승,8,5,LG
2019,5,25,토,패,5,6,LG
2019,5,26,일,패,2,11,LG
2019,5,28,화,승,9,4,NC
2019,5,29,수,패,6,8,NC
2019,5,30,목,승,10,2,NC
2019,5,31,금,승,6,1,삼성
2019,6,1,토,승,5,2,삼성
2019,6,2,일,패,3,8,삼성
2019,6,4,화,승,3,2,한화
2019,6,5,수,패,3,6,한화
2019,6,6,목,패,3,4,한화
2019,6,7,금,패,1,2,KT
2019,6,8,토,패,2,6,KT
2019,6,9,일,패,0,2,KT
2019,6,11,화,무,1,1,LG
2019,6,12,수,패,3,4,LG
2019,6,13,목,패,3,4,LG
2019,6,15,토,승,7,0,KIA
2019,6,16,일,승,10,5,KIA
2019,6,18,화,승,11,3,한화
2019,6,19,수,승,7,5,한화
2019,6,20,목,패,7,10,한화
2019,6,21,금,패,4,7,키움
2019,6,22,토,승,4,1,키움
2019,6,23,일,승,2,1,키움
2019,6,25,화,무,8,8,KT
2019,6,27,목,패,2,10,KT
2019,6,28,금,패,2,3,두산
2019,6,29,토,승,4,0,두산
2019,6,30,일,승,4,0,두산
2019,7,2,화,패,1,10,SK
2019,7,3,수,패,5,8,SK
2019,7,4,목,패,7,9,SK
2019,7,5,금,패,1,14,키움
2019,7,6,토,패,4,6,키움
2019,7,7,일,패,2,5,키움
2019,7,9,화,승,4,1,NC
2019,7,11,목,패,0,4,NC
2019,7,12,금,승,2,1,두산
2019,7,13,토,패,3,4,두산
2019,7,14,일,패,2,8,두산
2019,7,17,수,패,1,3,KIA
2019,7,18,목,승,6,3,KIA
2019,7,26,금,패,6,8,SK
2019,7,27,토,패,0,4,SK
2019,7,28,일,패,0,3,SK
2019,7,30,화,패,2,5,삼성
2019,7,31,수,승,8,4,삼성
2019,8,1,목,승,9,4,삼성
2019,8,3,토,승,2,1,두산
2019,8,4,일,승,9,4,두산
2019,8,7,수,패,4,16,키움
2019,8,8,목,승,8,0,삼성
2019,8,9,금,승,6,3,삼성
2019,8,10,토,패,4,7,NC
2019,8,11,일,패,1,9,NC
2019,8,13,화,승,6,5,KT
2019,8,14,수,패,0,6,KT
2019,8,15,목,승,11,5,한화
2019,8,16,금,패,1,2,한화
2019,8,17,토,패,2,9,두산
2019,8,18,일,패,3,11,두산
2019,8,20,화,패,0,5,SK
2019,8,21,수,패,4,5,SK
2019,8,22,목,패,2,4,KT
2019,8,23,금,무,3,3,KT
2019,8,24,토,패,3,8,NC
2019,8,25,일,승,5,4,NC
2019,8,27,화,패,1,2,LG
2019,8,28,수,승,4,3,LG
2019,8,29,목,패,0,4,키움
2019,8,30,금,패,2,5,키움
2019,8,31,토,패,2,4,KIA
2019,9,1,일,패,2,4,KIA
2019,9,3,화,패,4,5,삼성
2019,9,4,수,패,0,8,삼성
2019,9,6,금,패,2,5,LG
2019,9,7,토,패,1,5,한화
2019,9,8,일,승,12,0,한화
2019,9,10,화,승,8,4,KIA
2019,9,11,수,패,0,4,KIA
2019,9,12,목,패,1,2,SK
2019,9,13,금,승,1,0,SK
2019,9,14,토,패,2,5,한화
2019,9,15,일,승,7,1,한화
2019,9,18,수,패,5,6,KIA
2019,9,20,금,패,0,7,KT
2019,9,23,월,패,1,6,NC
2019,9,25,수,패,0,7,두산
2019,9,26,목,패,1,3,KIA
2019,9,29,일,패,1,4,키움
2019,9,30,월,패,0,2,LG
2019,10,1,화,패,1,3,키움
